{"v":"5.6.5","fr":60,"ip":0,"op":360,"w":1080,"h":1920,"nm":"symbolic-new-year","ddd":1,"assets":[{"id":"comp_0","layers":[{"ddd":0,"ind":1,"ty":0,"nm":"Comp 1","refId":"comp_1","sr":1,"ks":{"o":{"a":0,"k":100,"ix":11},"r":{"a":0,"k":180,"ix":10},"p":{"a":0,"k":[540,1035,0],"ix":2},"a":{"a":0,"k":[540,960,0],"ix":1},"s":{"a":0,"k":[100,100,100],"ix":6}},"ao":0,"w":1080,"h":1920,"ip":0,"op":900,"st":0,"bm":0}]},{"id":"comp_1","layers":[{"ddd":0,"ind":1,"ty":4,"nm":"Strip 4","sr":1,"ks":{"o":{"a":0,"k":100,"ix":11},"r":{"a":0,"k":0,"ix":10},"p":{"a":0,"k":[540,960,0],"ix":2},"a":{"a":0,"k":[0,0,0],"ix":1},"s":{"a":0,"k":[100,100,100],"ix":6}},"ao":0,"shapes":[{"ty":"gr","it":[{"ind":0,"ty":"sh","ix":1,"ks":{"a":0,"k":{"i":[[0,0],[104,-228],[6,-170],[0,0]],"o":[[0,0],[-104,228],[-6,170],[0,0]],"v":[[-264,-560],[-320,-66],[-542,402],[-524,740]],"c":false},"ix":2},"nm":"Path 1","mn":"ADBE Vector Shape - Group","hd":false},{"ty":"st","c":{"a":0,"k":[0.831372608858,0.921568687289,0.231372563979,1],"ix":3},"o":{"a":0,"k":100,"ix":4},"w":{"a":0,"k":30,"ix":5},"lc":1,"lj":1,"ml":4,"bm":0,"nm":"Stroke 1","mn":"ADBE Vector Graphic - Stroke","hd":false},{"ty":"tr","p":{"a":0,"k":[0,0],"ix":2},"a":{"a":0,"k":[0,0],"ix":1},"s":{"a":0,"k":[100,100],"ix":3},"r":{"a":0,"k":0,"ix":6},"o":{"a":0,"k":100,"ix":7},"sk":{"a":0,"k":0,"ix":4},"sa":{"a":0,"k":0,"ix":5},"nm":"Transform"}],"nm":"Shape 1","np":3,"cix":2,"bm":0,"ix":1,"mn":"ADBE Vector Group","hd":false},{"ty":"tm","s":{"a":1,"k":[{"i":{"x":[0.38],"y":[1]},"o":{"x":[0.28],"y":[0]},"t":20,"s":[0]},{"t":234,"s":[100]}],"ix":1},"e":{"a":1,"k":[{"i":{"x":[0.38],"y":[1]},"o":{"x":[0.28],"y":[0]},"t":0,"s":[0]},{"t":214,"s":[100]}],"ix":2},"o":{"a":0,"k":0,"ix":3},"m":1,"ix":2,"nm":"Trim Paths 1","mn":"ADBE Vector Filter - Trim","hd":false}],"ip":0,"op":298,"st":0,"bm":0},{"ddd":0,"ind":2,"ty":4,"nm":"Strip 3","sr":1,"ks":{"o":{"a":0,"k":100,"ix":11},"r":{"a":0,"k":0,"ix":10},"p":{"a":0,"k":[540,960,0],"ix":2},"a":{"a":0,"k":[0,0,0],"ix":1},"s":{"a":0,"k":[100,100,100],"ix":6}},"ao":0,"shapes":[{"ty":"gr","it":[{"ind":0,"ty":"sh","ix":1,"ks":{"a":0,"k":{"i":[[0,0],[-363.988,-131.44],[0,-40]],"o":[[0,0],[288,104],[0,40]],"v":[[204,-564],[386,-120],[600,182]],"c":false},"ix":2},"nm":"Path 1","mn":"ADBE Vector Shape - Group","hd":false},{"ty":"st","c":{"a":0,"k":[0.231372563979,0.921568687289,0.611764705882,1],"ix":3},"o":{"a":0,"k":100,"ix":4},"w":{"a":0,"k":40,"ix":5},"lc":1,"lj":1,"ml":4,"bm":0,"nm":"Stroke 1","mn":"ADBE Vector Graphic - Stroke","hd":false},{"ty":"tr","p":{"a":0,"k":[0,0],"ix":2},"a":{"a":0,"k":[0,0],"ix":1},"s":{"a":0,"k":[100,100],"ix":3},"r":{"a":0,"k":0,"ix":6},"o":{"a":0,"k":100,"ix":7},"sk":{"a":0,"k":0,"ix":4},"sa":{"a":0,"k":0,"ix":5},"nm":"Transform"}],"nm":"Shape 1","np":3,"cix":2,"bm":0,"ix":1,"mn":"ADBE Vector Group","hd":false},{"ty":"tm","s":{"a":1,"k":[{"i":{"x":[0.38],"y":[1]},"o":{"x":[0.28],"y":[0]},"t":28,"s":[0]},{"t":236,"s":[100]}],"ix":1},"e":{"a":1,"k":[{"i":{"x":[0.38],"y":[1]},"o":{"x":[0.28],"y":[0]},"t":0,"s":[0]},{"t":208,"s":[100]}],"ix":2},"o":{"a":0,"k":0,"ix":3},"m":1,"ix":2,"nm":"Trim Paths 1","mn":"ADBE Vector Filter - Trim","hd":false}],"ip":0,"op":298,"st":0,"bm":0},{"ddd":0,"ind":3,"ty":4,"nm":"Strip 2","sr":1,"ks":{"o":{"a":0,"k":100,"ix":11},"r":{"a":0,"k":0,"ix":10},"p":{"a":0,"k":[540,960,0],"ix":2},"a":{"a":0,"k":[0,0,0],"ix":1},"s":{"a":0,"k":[100,100,100],"ix":6}},"ao":0,"shapes":[{"ty":"gr","it":[{"ind":0,"ty":"sh","ix":1,"ks":{"a":0,"k":{"i":[[0,0],[-75.296,-65.257],[0,54],[27.332,-8.541],[8,-186],[40.229,-25.33],[20,78],[-160,-278],[-38,0]],"o":[[0,0],[90,78],[0,-54],[-64,20],[-8,186],[-54,34],[-20.263,-79.028],[160,278],[38,0]],"v":[[-364,-540],[-302,-112],[-138,-168],[-216,-234],[-320,8],[-372,326],[-510,272],[-158,282],[138,690]],"c":false},"ix":2},"nm":"Path 1","mn":"ADBE Vector Shape - Group","hd":false},{"ty":"st","c":{"a":0,"k":[0.921568687289,0.231372563979,0.541176470588,1],"ix":3},"o":{"a":0,"k":100,"ix":4},"w":{"a":0,"k":5,"ix":5},"lc":1,"lj":1,"ml":4,"bm":0,"nm":"Stroke 1","mn":"ADBE Vector Graphic - Stroke","hd":false},{"ty":"tr","p":{"a":0,"k":[0,0],"ix":2},"a":{"a":0,"k":[0,0],"ix":1},"s":{"a":0,"k":[100,100],"ix":3},"r":{"a":0,"k":0,"ix":6},"o":{"a":0,"k":100,"ix":7},"sk":{"a":0,"k":0,"ix":4},"sa":{"a":0,"k":0,"ix":5},"nm":"Transform"}],"nm":"Shape 1","np":3,"cix":2,"bm":0,"ix":1,"mn":"ADBE Vector Group","hd":false},{"ty":"tm","s":{"a":1,"k":[{"i":{"x":[0.38],"y":[1]},"o":{"x":[0.28],"y":[0]},"t":24,"s":[0]},{"t":244,"s":[100]}],"ix":1},"e":{"a":1,"k":[{"i":{"x":[0.38],"y":[1]},"o":{"x":[0.28],"y":[0]},"t":0,"s":[0]},{"t":220,"s":[100]}],"ix":2},"o":{"a":0,"k":0,"ix":3},"m":1,"ix":2,"nm":"Trim Paths 1","mn":"ADBE Vector Filter - Trim","hd":false}],"ip":0,"op":298,"st":0,"bm":0},{"ddd":0,"ind":4,"ty":4,"nm":"Strip 1","sr":1,"ks":{"o":{"a":0,"k":100,"ix":11},"r":{"a":0,"k":0,"ix":10},"p":{"a":0,"k":[540,960,0],"ix":2},"a":{"a":0,"k":[0,0,0],"ix":1},"s":{"a":0,"k":[100,100,100],"ix":6}},"ao":0,"shapes":[{"ty":"gr","it":[{"ind":0,"ty":"sh","ix":1,"ks":{"a":0,"k":{"i":[[0,0],[2,-86],[0,26],[20,-10],[-26,-128],[42,-80],[74,-138],[0,0]],"o":[[0,0],[-1.851,79.603],[0,-26],[-20,10],[26,128],[-78.252,149.052],[-57.102,106.487],[0,0]],"v":[[310,-534],[34,-274],[224,-284],[146,-296],[48,-128],[72,188],[-184,418],[-272,642]],"c":false},"ix":2},"nm":"Path 1","mn":"ADBE Vector Shape - Group","hd":false},{"ty":"st","c":{"a":0,"k":[0.926715686275,0.918710027956,0.105007904651,1],"ix":3},"o":{"a":0,"k":100,"ix":4},"w":{"a":0,"k":5,"ix":5},"lc":1,"lj":1,"ml":4,"bm":0,"nm":"Stroke 1","mn":"ADBE Vector Graphic - Stroke","hd":false},{"ty":"tr","p":{"a":0,"k":[0,0],"ix":2},"a":{"a":0,"k":[0,0],"ix":1},"s":{"a":0,"k":[100,100],"ix":3},"r":{"a":0,"k":0,"ix":6},"o":{"a":0,"k":100,"ix":7},"sk":{"a":0,"k":0,"ix":4},"sa":{"a":0,"k":0,"ix":5},"nm":"Transform"}],"nm":"Shape 1","np":3,"cix":2,"bm":0,"ix":1,"mn":"ADBE Vector Group","hd":false},{"ty":"tm","s":{"a":1,"k":[{"i":{"x":[0.37],"y":[1]},"o":{"x":[0.28],"y":[0]},"t":16,"s":[0]},{"t":212,"s":[99]}],"ix":1},"e":{"a":1,"k":[{"i":{"x":[0.37],"y":[1]},"o":{"x":[0.167],"y":[0]},"t":0,"s":[0]},{"i":{"x":[0.37],"y":[1]},"o":{"x":[0.28],"y":[0]},"t":6,"s":[6]},{"t":204,"s":[100]}],"ix":2},"o":{"a":0,"k":0,"ix":3},"m":1,"ix":2,"nm":"Trim Paths 1","mn":"ADBE Vector Filter - Trim","hd":false}],"ip":0,"op":298,"st":0,"bm":0},{"ddd":0,"ind":5,"ty":0,"nm":"Set 1","refId":"comp_2","sr":1,"ks":{"o":{"a":0,"k":100,"ix":11},"r":{"a":0,"k":0,"ix":10},"p":{"a":0,"k":[540,960,0],"ix":2},"a":{"a":0,"k":[540,540,0],"ix":1},"s":{"a":0,"k":[100,100,100],"ix":6}},"ao":0,"w":1080,"h":1080,"ip":0,"op":286,"st":0,"bm":0}]},{"id":"comp_2","layers":[{"ddd":0,"ind":1,"ty":0,"nm":"Confetti","refId":"comp_3","sr":1,"ks":{"o":{"a":0,"k":100,"ix":11},"r":{"a":0,"k":0,"ix":10},"p":{"a":0,"k":[540,540,0],"ix":2},"a":{"a":0,"k":[540,540,0],"ix":1},"s":{"a":0,"k":[100,100,100],"ix":6}},"ao":0,"w":1080,"h":1080,"ip":0,"op":242,"st":0,"bm":0},{"ddd":0,"ind":2,"ty":0,"nm":"Confetti","refId":"comp_3","sr":1,"ks":{"o":{"a":0,"k":100,"ix":11},"r":{"a":0,"k":0,"ix":10},"p":{"a":0,"k":[260,540,0],"ix":2},"a":{"a":0,"k":[540,540,0],"ix":1},"s":{"a":0,"k":[-100,100,100],"ix":6}},"ao":0,"w":1080,"h":1080,"ip":44,"op":286,"st":44,"bm":0},{"ddd":0,"ind":3,"ty":0,"nm":"Confetti","refId":"comp_3","sr":1,"ks":{"o":{"a":0,"k":100,"ix":11},"r":{"a":0,"k":0,"ix":10},"p":{"a":0,"k":[560,540,0],"ix":2},"a":{"a":0,"k":[540,540,0],"ix":1},"s":{"a":0,"k":[-100,100,100],"ix":6}},"ao":0,"w":1080,"h":1080,"ip":34,"op":276,"st":34,"bm":0},{"ddd":0,"ind":4,"ty":0,"nm":"Confetti","refId":"comp_3","sr":1,"ks":{"o":{"a":0,"k":100,"ix":11},"r":{"a":0,"k":0,"ix":10},"p":{"a":0,"k":[1006,540,0],"ix":2},"a":{"a":0,"k":[540,540,0],"ix":1},"s":{"a":0,"k":[100,100,100],"ix":6}},"ao":0,"w":1080,"h":1080,"ip":18,"op":260,"st":18,"bm":0}]},{"id":"comp_3","layers":[{"ddd":1,"ind":1,"ty":3,"nm":"Red 5","sr":1,"ks":{"o":{"a":0,"k":0,"ix":11},"rx":{"a":0,"k":0,"ix":8},"ry":{"a":0,"k":0,"ix":9},"rz":{"a":0,"k":0,"ix":10},"or":{"a":0,"k":[0,0,0],"ix":7},"p":{"a":0,"k":[758.952,1037.79,33.47],"ix":2},"a":{"a":0,"k":[50,50,0],"ix":1},"s":{"a":0,"k":[100,100,100],"ix":6}},"ao":0,"ip":20,"op":222,"st":20,"bm":0},{"ddd":1,"ind":2,"ty":4,"nm":"Red 5","parent":1,"sr":1,"ks":{"o":{"a":0,"k":100,"ix":11},"rx":{"a":1,"k":[{"i":{"x":[0.31],"y":[1]},"o":{"x":[0.28],"y":[0]},"t":20,"s":[-43]},{"t":202,"s":[728]}],"ix":8},"ry":{"a":1,"k":[{"i":{"x":[0.37],"y":[1]},"o":{"x":[0.28],"y":[0]},"t":20,"s":[0]},{"t":202,"s":[23]}],"ix":9},"rz":{"a":0,"k":0,"ix":10},"or":{"a":0,"k":[0,0,0],"ix":7},"p":{"a":1,"k":[{"i":{"x":0.31,"y":1},"o":{"x":0.167,"y":0.237},"t":20,"s":[184.489,-1007.984,0],"to":[-50.431,291.536,0],"ti":[-28.166,-241.223,0]},{"t":202,"s":[135.077,158.106,0]}],"ix":2},"a":{"a":0,"k":[-104.754,-429.016,0],"ix":1},"s":{"a":0,"k":[100,100,100],"ix":6}},"ao":0,"shapes":[{"ty":"gr","it":[{"ty":"rc","d":1,"s":{"a":0,"k":[42.492,61.969],"ix":2},"p":{"a":0,"k":[0,0],"ix":3},"r":{"a":0,"k":0,"ix":4},"nm":"Rectangle Path 1","mn":"ADBE Vector Shape - Rect","hd":false},{"ty":"fl","c":{"a":0,"k":[0.231372563979,0.921568687289,0.611764705882,1],"ix":4},"o":{"a":0,"k":100,"ix":5},"r":1,"bm":0,"nm":"Fill 1","mn":"ADBE Vector Graphic - Fill","hd":false},{"ty":"tr","p":{"a":0,"k":[-104.754,-429.016],"ix":2},"a":{"a":0,"k":[0,0],"ix":1},"s":{"a":0,"k":[100,100],"ix":3},"r":{"a":0,"k":0,"ix":6},"o":{"a":0,"k":100,"ix":7},"sk":{"a":0,"k":0,"ix":4},"sa":{"a":0,"k":0,"ix":5},"nm":"Transform"}],"nm":"Rectangle 1","np":3,"cix":2,"bm":0,"ix":1,"mn":"ADBE Vector Group","hd":false}],"ip":20,"op":222,"st":20,"bm":0},{"ddd":1,"ind":3,"ty":3,"nm":"NULL Red 3","sr":1,"ks":{"o":{"a":0,"k":0,"ix":11},"rx":{"a":0,"k":0,"ix":8},"ry":{"a":0,"k":0,"ix":9},"rz":{"a":0,"k":0,"ix":10},"or":{"a":0,"k":[0,0,0],"ix":7},"p":{"a":0,"k":[189.887,161.151,33.47],"ix":2},"a":{"a":0,"k":[50,50,0],"ix":1},"s":{"a":0,"k":[100,100,100],"ix":6}},"ao":0,"ip":42,"op":208,"st":-34,"bm":0},{"ddd":1,"ind":4,"ty":4,"nm":"Red 3","parent":3,"sr":1,"ks":{"o":{"a":0,"k":100,"ix":11},"rx":{"a":1,"k":[{"i":{"x":[0.31],"y":[1]},"o":{"x":[0.28],"y":[0]},"t":42,"s":[-43]},{"t":184,"s":[728]}],"ix":8},"ry":{"a":1,"k":[{"i":{"x":[0.37],"y":[1]},"o":{"x":[0.28],"y":[0]},"t":42,"s":[0]},{"t":184,"s":[23]}],"ix":9},"rz":{"a":0,"k":0,"ix":10},"or":{"a":0,"k":[0,0,0],"ix":7},"p":{"a":1,"k":[{"i":{"x":0.31,"y":1},"o":{"x":0.167,"y":0.179},"t":42,"s":[41.359,-143.166,0],"to":[-101.546,307.893,0],"ti":[-156.977,-257.58,0]},{"t":184,"s":[124.848,1039.28,0]}],"ix":2},"a":{"a":0,"k":[-104.754,-429.016,0],"ix":1},"s":{"a":0,"k":[60,60,60],"ix":6}},"ao":0,"shapes":[{"ty":"gr","it":[{"ty":"rc","d":1,"s":{"a":0,"k":[42.492,61.969],"ix":2},"p":{"a":0,"k":[0,0],"ix":3},"r":{"a":0,"k":0,"ix":4},"nm":"Rectangle Path 1","mn":"ADBE Vector Shape - Rect","hd":false},{"ty":"fl","c":{"a":0,"k":[0.231372563979,0.921568687289,0.611764705882,1],"ix":4},"o":{"a":0,"k":100,"ix":5},"r":1,"bm":0,"nm":"Fill 1","mn":"ADBE Vector Graphic - Fill","hd":false},{"ty":"tr","p":{"a":0,"k":[-104.754,-429.016],"ix":2},"a":{"a":0,"k":[0,0],"ix":1},"s":{"a":0,"k":[100,100],"ix":3},"r":{"a":0,"k":0,"ix":6},"o":{"a":0,"k":100,"ix":7},"sk":{"a":0,"k":0,"ix":4},"sa":{"a":0,"k":0,"ix":5},"nm":"Transform"}],"nm":"Rectangle 1","np":3,"cix":2,"bm":0,"ix":1,"mn":"ADBE Vector Group","hd":false}],"ip":42,"op":208,"st":42,"bm":0},{"ddd":1,"ind":5,"ty":3,"nm":"Red 4","sr":1,"ks":{"o":{"a":0,"k":0,"ix":11},"rx":{"a":0,"k":0,"ix":8},"ry":{"a":0,"k":0,"ix":9},"rz":{"a":0,"k":0,"ix":10},"or":{"a":0,"k":[0,0,0],"ix":7},"p":{"a":0,"k":[893.752,989.165,33.47],"ix":2},"a":{"a":0,"k":[50,50,0],"ix":1},"s":{"a":0,"k":[100,100,100],"ix":6}},"ao":0,"ip":76,"op":242,"st":76,"bm":0},{"ddd":1,"ind":6,"ty":4,"nm":"Red 4","parent":5,"sr":1,"ks":{"o":{"a":0,"k":100,"ix":11},"rx":{"a":1,"k":[{"i":{"x":[0.31],"y":[1]},"o":{"x":[0.28],"y":[0]},"t":76,"s":[-43]},{"t":258,"s":[728]}],"ix":8},"ry":{"a":1,"k":[{"i":{"x":[0.37],"y":[1]},"o":{"x":[0.28],"y":[0]},"t":76,"s":[0]},{"t":258,"s":[23]}],"ix":9},"rz":{"a":0,"k":0,"ix":10},"or":{"a":0,"k":[0,0,0],"ix":7},"p":{"a":1,"k":[{"i":{"x":0.31,"y":1},"o":{"x":0.167,"y":0.235},"t":76,"s":[184.489,-1007.984,0],"to":[45.667,267,0],"ti":[86.333,-231,0]},{"t":258,"s":[16.489,154.016,0]}],"ix":2},"a":{"a":0,"k":[-104.754,-429.016,0],"ix":1},"s":{"a":0,"k":[60,60,60],"ix":6}},"ao":0,"shapes":[{"ty":"gr","it":[{"ty":"rc","d":1,"s":{"a":0,"k":[42.492,61.969],"ix":2},"p":{"a":0,"k":[0,0],"ix":3},"r":{"a":0,"k":0,"ix":4},"nm":"Rectangle Path 1","mn":"ADBE Vector Shape - Rect","hd":false},{"ty":"fl","c":{"a":0,"k":[0.23085418402,0.921553308824,0.612960755591,1],"ix":4},"o":{"a":0,"k":100,"ix":5},"r":1,"bm":0,"nm":"Fill 1","mn":"ADBE Vector Graphic - Fill","hd":false},{"ty":"tr","p":{"a":0,"k":[-104.754,-429.016],"ix":2},"a":{"a":0,"k":[0,0],"ix":1},"s":{"a":0,"k":[100,100],"ix":3},"r":{"a":0,"k":0,"ix":6},"o":{"a":0,"k":100,"ix":7},"sk":{"a":0,"k":0,"ix":4},"sa":{"a":0,"k":0,"ix":5},"nm":"Transform"}],"nm":"Rectangle 1","np":3,"cix":2,"bm":0,"ix":1,"mn":"ADBE Vector Group","hd":false}],"ip":76,"op":242,"st":76,"bm":0},{"ddd":1,"ind":7,"ty":3,"nm":"Red 2","sr":1,"ks":{"o":{"a":0,"k":0,"ix":11},"rx":{"a":0,"k":0,"ix":8},"ry":{"a":0,"k":0,"ix":9},"rz":{"a":0,"k":0,"ix":10},"or":{"a":0,"k":[0,0,0],"ix":7},"p":{"a":0,"k":[206.758,1025.968,33.47],"ix":2},"a":{"a":0,"k":[50,50,0],"ix":1},"s":{"a":0,"k":[100,100,100],"ix":6}},"ao":0,"ip":76,"op":242,"st":76,"bm":0},{"ddd":1,"ind":8,"ty":4,"nm":"Red 2","parent":7,"sr":1,"ks":{"o":{"a":0,"k":100,"ix":11},"rx":{"a":1,"k":[{"i":{"x":[0.31],"y":[1]},"o":{"x":[0.28],"y":[0]},"t":76,"s":[-43]},{"t":258,"s":[728]}],"ix":8},"ry":{"a":1,"k":[{"i":{"x":[0.37],"y":[1]},"o":{"x":[0.28],"y":[0]},"t":76,"s":[0]},{"t":258,"s":[23]}],"ix":9},"rz":{"a":0,"k":0,"ix":10},"or":{"a":0,"k":[0,0,0],"ix":7},"p":{"a":1,"k":[{"i":{"x":0.31,"y":1},"o":{"x":0.167,"y":0.235},"t":76,"s":[184.489,-1007.984,0],"to":[45.667,267,0],"ti":[86.333,-231,0]},{"t":258,"s":[16.489,154.016,0]}],"ix":2},"a":{"a":0,"k":[-104.754,-429.016,0],"ix":1},"s":{"a":0,"k":[60,60,60],"ix":6}},"ao":0,"shapes":[{"ty":"gr","it":[{"ty":"rc","d":1,"s":{"a":0,"k":[42.492,61.969],"ix":2},"p":{"a":0,"k":[0,0],"ix":3},"r":{"a":0,"k":0,"ix":4},"nm":"Rectangle Path 1","mn":"ADBE Vector Shape - Rect","hd":false},{"ty":"fl","c":{"a":0,"k":[0.831372608858,0.921568687289,0.231372563979,1],"ix":4},"o":{"a":0,"k":100,"ix":5},"r":1,"bm":0,"nm":"Fill 1","mn":"ADBE Vector Graphic - Fill","hd":false},{"ty":"tr","p":{"a":0,"k":[-104.754,-429.016],"ix":2},"a":{"a":0,"k":[0,0],"ix":1},"s":{"a":0,"k":[100,100],"ix":3},"r":{"a":0,"k":0,"ix":6},"o":{"a":0,"k":100,"ix":7},"sk":{"a":0,"k":0,"ix":4},"sa":{"a":0,"k":0,"ix":5},"nm":"Transform"}],"nm":"Rectangle 1","np":3,"cix":2,"bm":0,"ix":1,"mn":"ADBE Vector Group","hd":false}],"ip":76,"op":242,"st":76,"bm":0},{"ddd":1,"ind":9,"ty":3,"nm":"Red 1","sr":1,"ks":{"o":{"a":0,"k":0,"ix":11},"rx":{"a":0,"k":0,"ix":8},"ry":{"a":0,"k":0,"ix":9},"rz":{"a":0,"k":0,"ix":10},"or":{"a":0,"k":[0,0,0],"ix":7},"p":{"a":0,"k":[566.758,1045.968,33.47],"ix":2},"a":{"a":0,"k":[50,50,0],"ix":1},"s":{"a":0,"k":[100,100,100],"ix":6}},"ao":0,"ip":40,"op":242,"st":40,"bm":0},{"ddd":1,"ind":10,"ty":4,"nm":"Red 1","parent":9,"sr":1,"ks":{"o":{"a":0,"k":100,"ix":11},"rx":{"a":1,"k":[{"i":{"x":[0.31],"y":[1]},"o":{"x":[0.28],"y":[0]},"t":40,"s":[-43]},{"t":222,"s":[728]}],"ix":8},"ry":{"a":1,"k":[{"i":{"x":[0.37],"y":[1]},"o":{"x":[0.28],"y":[0]},"t":40,"s":[0]},{"t":222,"s":[23]}],"ix":9},"rz":{"a":0,"k":0,"ix":10},"or":{"a":0,"k":[0,0,0],"ix":7},"p":{"a":1,"k":[{"i":{"x":0.31,"y":1},"o":{"x":0.167,"y":0.235},"t":40,"s":[184.489,-1007.984,0],"to":[45.667,267,0],"ti":[86.333,-231,0]},{"t":222,"s":[16.489,154.016,0]}],"ix":2},"a":{"a":0,"k":[-104.754,-429.016,0],"ix":1},"s":{"a":0,"k":[100,100,100],"ix":6}},"ao":0,"shapes":[{"ty":"gr","it":[{"ty":"rc","d":1,"s":{"a":0,"k":[42.492,61.969],"ix":2},"p":{"a":0,"k":[0,0],"ix":3},"r":{"a":0,"k":0,"ix":4},"nm":"Rectangle Path 1","mn":"ADBE Vector Shape - Rect","hd":false},{"ty":"fl","c":{"a":0,"k":[0.921553308824,0.23085418402,0.541097603592,1],"ix":4},"o":{"a":0,"k":100,"ix":5},"r":1,"bm":0,"nm":"Fill 1","mn":"ADBE Vector Graphic - Fill","hd":false},{"ty":"tr","p":{"a":0,"k":[-104.754,-429.016],"ix":2},"a":{"a":0,"k":[0,0],"ix":1},"s":{"a":0,"k":[100,100],"ix":3},"r":{"a":0,"k":0,"ix":6},"o":{"a":0,"k":100,"ix":7},"sk":{"a":0,"k":0,"ix":4},"sa":{"a":0,"k":0,"ix":5},"nm":"Transform"}],"nm":"Rectangle 1","np":3,"cix":2,"bm":0,"ix":1,"mn":"ADBE Vector Group","hd":false}],"ip":40,"op":242,"st":40,"bm":0},{"ddd":1,"ind":11,"ty":4,"nm":"Blue 2","parent":12,"sr":1,"ks":{"o":{"a":0,"k":100,"ix":11},"rx":{"a":1,"k":[{"i":{"x":[0.31],"y":[1]},"o":{"x":[0.28],"y":[0]},"t":0,"s":[-43]},{"t":182,"s":[728]}],"ix":8},"ry":{"a":1,"k":[{"i":{"x":[0.37],"y":[1]},"o":{"x":[0.28],"y":[0]},"t":0,"s":[0]},{"t":182,"s":[23]}],"ix":9},"rz":{"a":0,"k":0,"ix":10},"or":{"a":0,"k":[0,0,0],"ix":7},"p":{"a":1,"k":[{"i":{"x":0.31,"y":1},"o":{"x":0.167,"y":0.234},"t":0,"s":[50,50,0],"to":[-46.333,277,0],"ti":[-161.667,-185,0]},{"t":182,"s":[144,1212,0]}],"ix":2},"a":{"a":0,"k":[-104.754,-429.016,0],"ix":1},"s":{"a":0,"k":[60,60,60],"ix":6}},"ao":0,"shapes":[{"ty":"gr","it":[{"ty":"rc","d":1,"s":{"a":0,"k":[42.492,61.969],"ix":2},"p":{"a":0,"k":[0,0],"ix":3},"r":{"a":0,"k":0,"ix":4},"nm":"Rectangle Path 1","mn":"ADBE Vector Shape - Rect","hd":false},{"ty":"fl","c":{"a":0,"k":[0.829502419864,0.921553308824,0.23085418402,1],"ix":4},"o":{"a":0,"k":100,"ix":5},"r":1,"bm":0,"nm":"Fill 1","mn":"ADBE Vector Graphic - Fill","hd":false},{"ty":"tr","p":{"a":0,"k":[-104.754,-429.016],"ix":2},"a":{"a":0,"k":[0,0],"ix":1},"s":{"a":0,"k":[100,100],"ix":3},"r":{"a":0,"k":0,"ix":6},"o":{"a":0,"k":100,"ix":7},"sk":{"a":0,"k":0,"ix":4},"sa":{"a":0,"k":0,"ix":5},"nm":"Transform"}],"nm":"Rectangle 1","np":3,"cix":2,"bm":0,"ix":1,"mn":"ADBE Vector Group","hd":false}],"ip":0,"op":242,"st":0,"bm":0},{"ddd":1,"ind":12,"ty":3,"nm":"Blue 2","sr":1,"ks":{"o":{"a":0,"k":0,"ix":11},"rx":{"a":0,"k":0,"ix":8},"ry":{"a":0,"k":0,"ix":9},"rz":{"a":0,"k":0,"ix":10},"or":{"a":0,"k":[0,0,0],"ix":7},"p":{"a":0,"k":[831.246,-12.016,0],"ix":2},"a":{"a":0,"k":[50,50,0],"ix":1},"s":{"a":0,"k":[100,100,100],"ix":6}},"ao":0,"ip":0,"op":242,"st":0,"bm":0},{"ddd":1,"ind":13,"ty":4,"nm":"Blue 1","sr":1,"ks":{"o":{"a":0,"k":100,"ix":11},"rx":{"a":1,"k":[{"i":{"x":[0.31],"y":[1]},"o":{"x":[0.28],"y":[0]},"t":0,"s":[-43]},{"t":182,"s":[728]}],"ix":8},"ry":{"a":1,"k":[{"i":{"x":[0.37],"y":[1]},"o":{"x":[0.28],"y":[0]},"t":0,"s":[0]},{"t":182,"s":[23]}],"ix":9},"rz":{"a":0,"k":0,"ix":10},"or":{"a":0,"k":[0,0,0],"ix":7},"p":{"a":1,"k":[{"i":{"x":0.31,"y":1},"o":{"x":0.167,"y":0.235},"t":0,"s":[531.246,-12.016,0],"to":[45.667,267,0],"ti":[86.333,-231,0]},{"t":182,"s":[363.246,1149.984,0]}],"ix":2},"a":{"a":0,"k":[-104.754,-429.016,0],"ix":1},"s":{"a":0,"k":[100,100,100],"ix":6}},"ao":0,"shapes":[{"ty":"gr","it":[{"ty":"rc","d":1,"s":{"a":0,"k":[42.492,61.969],"ix":2},"p":{"a":0,"k":[0,0],"ix":3},"r":{"a":0,"k":0,"ix":4},"nm":"Rectangle Path 1","mn":"ADBE Vector Shape - Rect","hd":false},{"ty":"fl","c":{"a":0,"k":[0.23085418402,0.354194222245,0.921553308824,1],"ix":4},"o":{"a":0,"k":100,"ix":5},"r":1,"bm":0,"nm":"Fill 1","mn":"ADBE Vector Graphic - Fill","hd":false},{"ty":"tr","p":{"a":0,"k":[-104.754,-429.016],"ix":2},"a":{"a":0,"k":[0,0],"ix":1},"s":{"a":0,"k":[100,100],"ix":3},"r":{"a":0,"k":0,"ix":6},"o":{"a":0,"k":100,"ix":7},"sk":{"a":0,"k":0,"ix":4},"sa":{"a":0,"k":0,"ix":5},"nm":"Transform"}],"nm":"Rectangle 1","np":3,"cix":2,"bm":0,"ix":1,"mn":"ADBE Vector Group","hd":false}],"ip":0,"op":242,"st":0,"bm":0}]}],"layers":[{"ddd":0,"ind":1,"ty":3,"nm":"Null 1","sr":1,"ks":{"o":{"a":0,"k":0,"ix":11},"r":{"a":0,"k":0,"ix":10},"p":{"a":1,"k":[{"i":{"x":0.667,"y":1},"o":{"x":0.333,"y":0},"t":0,"s":[540,2120,0],"to":[0,-83.333,0],"ti":[0,83.333,0]},{"t":20,"s":[540,1620,0]}],"ix":2},"a":{"a":0,"k":[0,0,0],"ix":1},"s":{"a":0,"k":[32,32,100],"ix":6}},"ao":0,"ip":0,"op":426,"st":0,"bm":0},{"ddd":0,"ind":2,"ty":4,"nm":"logo Outlines","parent":3,"sr":1,"ks":{"o":{"a":0,"k":100,"ix":11},"r":{"a":0,"k":0,"ix":10},"p":{"a":0,"k":[431.875,84.384,0],"ix":2},"a":{"a":0,"k":[104.26,45.134,0],"ix":1},"s":{"a":0,"k":[100,100,100],"ix":6}},"ao":0,"shapes":[{"ty":"gr","it":[{"ind":0,"ty":"sh","ix":1,"ks":{"a":0,"k":{"i":[[0,0],[0,0],[25.806,0],[0.28,10.097],[0,0]],"o":[[0,0],[-0.281,10.097],[-25.803,0],[0,0],[0,0]],"v":[[43.003,-10.865],[44.126,-8.237],[-0.002,10.865],[-44.126,-8.237],[-43.002,-10.865]],"c":true},"ix":2},"nm":"Path 1","mn":"ADBE Vector Shape - Group","hd":false},{"ty":"fl","c":{"a":0,"k":[1,1,1,1],"ix":4},"o":{"a":0,"k":100,"ix":5},"r":1,"bm":0,"nm":"Fill 1","mn":"ADBE Vector Graphic - Fill","hd":false},{"ty":"tr","p":{"a":0,"k":[104.26,47.595],"ix":2},"a":{"a":0,"k":[0,0],"ix":1},"s":{"a":0,"k":[100,100],"ix":3},"r":{"a":0,"k":0,"ix":6},"o":{"a":0,"k":100,"ix":7},"sk":{"a":0,"k":0,"ix":4},"sa":{"a":0,"k":0,"ix":5},"nm":"Transform"}],"nm":"Group 1","np":2,"cix":2,"bm":0,"ix":1,"mn":"ADBE Vector Group","hd":false},{"ty":"gr","it":[{"ind":0,"ty":"sh","ix":1,"ks":{"a":0,"k":{"i":[[-1.307,-1.542],[0,0],[10.672,3.729],[48.293,-0.181],[8.294,0.65],[0,0],[-4.779,0.469],[-0.096,0.009],[0,0],[-25.197,-2.385],[-0.096,-0.009]],"o":[[0,0],[-9.493,-0.486],[0,0],[-15.036,0.057],[0,0],[1.307,-1.542],[0.095,-0.009],[25.199,-2.385],[0,0],[0.097,0.009],[4.778,0.469]],"v":[[58.537,-1.96],[66.674,7.643],[29.742,0.104],[-31.514,7.474],[-66.674,6.29],[-59.684,-1.96],[-49.366,-5.231],[-49.08,-5.258],[-0.572,-7.471],[47.933,-5.258],[48.22,-5.231]],"c":true},"ix":2},"nm":"Path 1","mn":"ADBE Vector Shape - Group","hd":false},{"ty":"fl","c":{"a":0,"k":[1,1,1,1],"ix":4},"o":{"a":0,"k":100,"ix":5},"r":1,"bm":0,"nm":"Fill 1","mn":"ADBE Vector Graphic - Fill","hd":false},{"ty":"tr","p":{"a":0,"k":[104.833,7.893],"ix":2},"a":{"a":0,"k":[0,0],"ix":1},"s":{"a":0,"k":[100,100],"ix":3},"r":{"a":0,"k":0,"ix":6},"o":{"a":0,"k":100,"ix":7},"sk":{"a":0,"k":0,"ix":4},"sa":{"a":0,"k":0,"ix":5},"nm":"Transform"}],"nm":"Group 2","np":2,"cix":2,"bm":0,"ix":2,"mn":"ADBE Vector Group","hd":false},{"ty":"gr","it":[{"ind":0,"ty":"sh","ix":1,"ks":{"a":0,"k":{"i":[[-0.984,-2.281],[6.421,0],[0.435,2.406],[-5.833,0]],"o":[[1.037,2.406],[-6.422,0],[-0.412,-2.281],[5.832,0]],"v":[[10.756,-0.205],[1.051,4.25],[-11.381,-0.205],[-1.551,-4.25]],"c":true},"ix":2},"nm":"Path 1","mn":"ADBE Vector Shape - Group","hd":false},{"ty":"fl","c":{"a":0,"k":[1,1,1,1],"ix":4},"o":{"a":0,"k":100,"ix":5},"r":1,"bm":0,"nm":"Fill 1","mn":"ADBE Vector Graphic - Fill","hd":false},{"ty":"tr","p":{"a":0,"k":[131.583,24.634],"ix":2},"a":{"a":0,"k":[0,0],"ix":1},"s":{"a":0,"k":[100,100],"ix":3},"r":{"a":0,"k":0,"ix":6},"o":{"a":0,"k":100,"ix":7},"sk":{"a":0,"k":0,"ix":4},"sa":{"a":0,"k":0,"ix":5},"nm":"Transform"}],"nm":"Group 3","np":2,"cix":2,"bm":0,"ix":3,"mn":"ADBE Vector Group","hd":false},{"ty":"gr","it":[{"ind":0,"ty":"sh","ix":1,"ks":{"a":0,"k":{"i":[[0,0],[0,0],[0,0],[0,0]],"o":[[0,0],[0,0],[0,0],[0,0]],"v":[[-22.204,2.67],[22.204,2.67],[21.902,-2.67],[-19.899,-2.67]],"c":true},"ix":2},"nm":"Path 1","mn":"ADBE Vector Shape - Group","hd":false},{"ty":"fl","c":{"a":0,"k":[1,1,1,1],"ix":4},"o":{"a":0,"k":100,"ix":5},"r":1,"bm":0,"nm":"Fill 1","mn":"ADBE Vector Graphic - Fill","hd":false},{"ty":"tr","p":{"a":0,"k":[87.198,24.511],"ix":2},"a":{"a":0,"k":[0,0],"ix":1},"s":{"a":0,"k":[100,100],"ix":3},"r":{"a":0,"k":0,"ix":6},"o":{"a":0,"k":100,"ix":7},"sk":{"a":0,"k":0,"ix":4},"sa":{"a":0,"k":0,"ix":5},"nm":"Transform"}],"nm":"Group 4","np":2,"cix":2,"bm":0,"ix":4,"mn":"ADBE Vector Group","hd":false},{"ty":"gr","it":[{"ind":0,"ty":"sh","ix":1,"ks":{"a":0,"k":{"i":[[0,0],[11.036,-7.993],[25.198,0],[12.676,9.177],[-5.635,8.27],[0,0],[-0.016,0.001],[0,0],[-3.877,0],[-0.004,0],[0,0],[0,0],[-0.562,0],[-21.518,-2.137],[0,0],[-0.07,-0.103]],"o":[[5.636,8.27],[-12.673,9.178],[-25.217,0],[-11.037,-7.992],[0,0],[0.07,-0.103],[0,0],[21.519,-2.137],[0.578,0],[0,0],[0,0],[0.007,0],[3.877,0],[0,0],[0.016,0.001],[0,0]],"v":[[66.947,-10.718],[59.587,14.699],[0.02,29.537],[-59.582,14.698],[-66.947,-10.718],[-47.536,-39.201],[-47.119,-39.341],[-46.963,-39.357],[-1.173,-41.599],[-0.277,-41.596],[0.032,-41.594],[0.294,-41.596],[1.174,-41.599],[46.963,-39.357],[47.119,-39.341],[47.536,-39.201]],"c":true},"ix":2},"nm":"Path 1","mn":"ADBE Vector Shape - Group","hd":false},{"ind":1,"ty":"sh","ix":2,"ks":{"a":0,"k":{"i":[[4.778,0.468],[0.096,0.009],[0,0],[25.199,-2.385],[0.095,-0.01],[1.307,-1.541],[0,0],[-72.015,0],[20.763,24.501],[0,0]],"o":[[-0.096,-0.01],[-25.198,-2.385],[0,0],[-0.096,0.009],[-4.779,0.468],[0,0],[-20.763,24.501],[71.976,0],[0,0],[-1.307,-1.541]],"v":[[48.793,-42.471],[48.507,-42.499],[0.001,-44.713],[-48.507,-42.499],[-48.793,-42.471],[-59.111,-39.201],[-83.247,-10.718],[0.022,44.884],[83.247,-10.718],[59.11,-39.201]],"c":true},"ix":2},"nm":"Path 2","mn":"ADBE Vector Shape - Group","hd":false},{"ty":"mm","mm":1,"nm":"Merge Paths 1","mn":"ADBE Vector Filter - Merge","hd":false},{"ty":"fl","c":{"a":0,"k":[1,1,1,1],"ix":4},"o":{"a":0,"k":100,"ix":5},"r":1,"bm":0,"nm":"Fill 1","mn":"ADBE Vector Graphic - Fill","hd":false},{"ty":"tr","p":{"a":0,"k":[104.26,45.134],"ix":2},"a":{"a":0,"k":[0,0],"ix":1},"s":{"a":0,"k":[100,100],"ix":3},"r":{"a":0,"k":0,"ix":6},"o":{"a":0,"k":100,"ix":7},"sk":{"a":0,"k":0,"ix":4},"sa":{"a":0,"k":0,"ix":5},"nm":"Transform"}],"nm":"Group 5","np":4,"cix":2,"bm":0,"ix":5,"mn":"ADBE Vector Group","hd":false}],"ip":0,"op":432,"st":0,"bm":0},{"ddd":0,"ind":3,"ty":4,"nm":"tutup Outlines","parent":1,"sr":1,"ks":{"o":{"a":0,"k":100,"ix":11},"r":{"a":1,"k":[{"i":{"x":[0.667],"y":[1]},"o":{"x":[0.333],"y":[0]},"t":51,"s":[0]},{"i":{"x":[0.667],"y":[1]},"o":{"x":[0.333],"y":[0]},"t":60,"s":[-8]},{"i":{"x":[0.667],"y":[1]},"o":{"x":[0.333],"y":[0]},"t":64,"s":[0]},{"i":{"x":[0.667],"y":[1]},"o":{"x":[0.333],"y":[0]},"t":74,"s":[38]},{"t":88,"s":[-134]}],"ix":10},"p":{"a":1,"k":[{"i":{"x":0.667,"y":1},"o":{"x":0.333,"y":0},"t":0,"s":[0,262.228,0],"to":[0,-4.5,0],"ti":[0,0,0]},{"i":{"x":0.667,"y":1},"o":{"x":0.333,"y":0},"t":6,"s":[0,235.228,0],"to":[0,0,0],"ti":[0,-1.167,0]},{"i":{"x":0.667,"y":1},"o":{"x":0.333,"y":0},"t":12,"s":[0,262.228,0],"to":[0,1.167,0],"ti":[0,-1.333,0]},{"i":{"x":0.667,"y":1},"o":{"x":0.333,"y":0},"t":20,"s":[0,242.228,0],"to":[0,1.333,0],"ti":[0,-3.333,0]},{"i":{"x":0.667,"y":1},"o":{"x":0.333,"y":0},"t":27,"s":[0,270.228,0],"to":[0,3.333,0],"ti":[0,5.833,0]},{"i":{"x":0.667,"y":1},"o":{"x":0.333,"y":0},"t":31,"s":[0,262.228,0],"to":[0,-5.833,0],"ti":[0,0,0]},{"i":{"x":0.667,"y":1},"o":{"x":0.333,"y":0},"t":37,"s":[0,235.228,0],"to":[0,0,0],"ti":[0,-1.167,0]},{"i":{"x":0.667,"y":1},"o":{"x":0.333,"y":0},"t":43,"s":[0,262.228,0],"to":[0,1.167,0],"ti":[0,-1.333,0]},{"i":{"x":0.667,"y":1},"o":{"x":0.333,"y":0},"t":51,"s":[0,242.228,0],"to":[0,1.333,0],"ti":[0,1048.667,0]},{"i":{"x":0.667,"y":1},"o":{"x":0.333,"y":0},"t":58,"s":[0,270.228,0],"to":[0,-1048.667,0],"ti":[0,1053.333,0]},{"t":91,"s":[0,-6049.772,0]}],"ix":2},"a":{"a":0,"k":[436.249,143.184,0],"ix":1},"s":{"a":0,"k":[100,100,100],"ix":6}},"ao":0,"shapes":[{"ty":"gr","it":[{"ind":0,"ty":"sh","ix":1,"ks":{"a":0,"k":{"i":[[0,0],[0,0],[0,0],[0,0]],"o":[[0,0],[0,0],[0,0],[0,0]],"v":[[-4.964,-93.906],[-435.999,2.718],[-1.741,93.906],[435.999,-3.688]],"c":true},"ix":2},"nm":"Path 1","mn":"ADBE Vector Shape - Group","hd":false},{"ty":"fl","c":{"a":0,"k":[0.788000009574,0.152999997606,0.152999997606,1],"ix":4},"o":{"a":0,"k":100,"ix":5},"r":1,"bm":0,"nm":"Fill 1","mn":"ADBE Vector Graphic - Fill","hd":false},{"ty":"tr","p":{"a":0,"k":[436.249,94.156],"ix":2},"a":{"a":0,"k":[0,0],"ix":1},"s":{"a":0,"k":[100,100],"ix":3},"r":{"a":0,"k":0,"ix":6},"o":{"a":0,"k":100,"ix":7},"sk":{"a":0,"k":0,"ix":4},"sa":{"a":0,"k":0,"ix":5},"nm":"Transform"}],"nm":"Group 1","np":2,"cix":2,"bm":0,"ix":1,"mn":"ADBE Vector Group","hd":false},{"ty":"gr","it":[{"ind":0,"ty":"sh","ix":1,"ks":{"a":0,"k":{"i":[[0,0],[0,0],[0,0],[0,0]],"o":[[0,0],[0,0],[0,0],[0,0]],"v":[[218.87,-97.826],[-218.87,-0.231],[-218.388,97.826],[216.559,-0.271]],"c":true},"ix":2},"nm":"Path 1","mn":"ADBE Vector Shape - Group","hd":false},{"ty":"fl","c":{"a":0,"k":[0.685999971278,0.063000002094,0.063000002094,1],"ix":4},"o":{"a":0,"k":100,"ix":5},"r":1,"bm":0,"nm":"Fill 1","mn":"ADBE Vector Graphic - Fill","hd":false},{"ty":"tr","p":{"a":0,"k":[653.378,188.293],"ix":2},"a":{"a":0,"k":[0,0],"ix":1},"s":{"a":0,"k":[100,100],"ix":3},"r":{"a":0,"k":0,"ix":6},"o":{"a":0,"k":100,"ix":7},"sk":{"a":0,"k":0,"ix":4},"sa":{"a":0,"k":0,"ix":5},"nm":"Transform"}],"nm":"Group 2","np":2,"cix":2,"bm":0,"ix":2,"mn":"ADBE Vector Group","hd":false},{"ty":"gr","it":[{"ind":0,"ty":"sh","ix":1,"ks":{"a":0,"k":{"i":[[0,0],[0,0],[0,0],[0,0]],"o":[[0,0],[0,0],[0,0],[0,0]],"v":[[-217.37,-94.623],[216.887,-3.434],[217.37,94.622],[-213.734,6.179]],"c":true},"ix":2},"nm":"Path 1","mn":"ADBE Vector Shape - Group","hd":false},{"ty":"fl","c":{"a":0,"k":[1,0.219999994016,0.2,1],"ix":4},"o":{"a":0,"k":100,"ix":5},"r":1,"bm":0,"nm":"Fill 1","mn":"ADBE Vector Graphic - Fill","hd":false},{"ty":"tr","p":{"a":0,"k":[217.62,191.496],"ix":2},"a":{"a":0,"k":[0,0],"ix":1},"s":{"a":0,"k":[100,100],"ix":3},"r":{"a":0,"k":0,"ix":6},"o":{"a":0,"k":100,"ix":7},"sk":{"a":0,"k":0,"ix":4},"sa":{"a":0,"k":0,"ix":5},"nm":"Transform"}],"nm":"Group 3","np":2,"cix":2,"bm":0,"ix":3,"mn":"ADBE Vector Group","hd":false}],"ip":0,"op":421,"st":0,"bm":0},{"ddd":0,"ind":4,"ty":4,"nm":"Layer 1 Outlines","parent":1,"sr":1,"ks":{"o":{"a":0,"k":100,"ix":11},"r":{"a":0,"k":0,"ix":10},"p":{"a":1,"k":[{"i":{"x":0.667,"y":1},"o":{"x":0.333,"y":0},"t":65,"s":[-4.38,518.98,0],"to":[0,345,0],"ti":[0,-345,0]},{"t":81,"s":[-4.38,2588.98,0]}],"ix":2},"a":{"a":0,"k":[382.679,304.498,0],"ix":1},"s":{"a":0,"k":[100,100,100],"ix":6}},"ao":0,"shapes":[{"ty":"gr","it":[{"ind":0,"ty":"sh","ix":1,"ks":{"a":0,"k":{"i":[[0,0],[0,0],[0,0],[0,0]],"o":[[0,0],[0,0],[0,0],[0,0]],"v":[[193.404,-183.308],[-193.404,-264.686],[-193.404,187.445],[193.404,264.686]],"c":true},"ix":2},"nm":"Path 1","mn":"ADBE Vector Shape - Group","hd":false},{"ty":"fl","c":{"a":0,"k":[0.902000038297,0.063000002094,0,1],"ix":4},"o":{"a":0,"k":100,"ix":5},"r":1,"bm":0,"nm":"Fill 1","mn":"ADBE Vector Graphic - Fill","hd":false},{"ty":"tr","p":{"a":0,"k":[193.654,344.06],"ix":2},"a":{"a":0,"k":[0,0],"ix":1},"s":{"a":0,"k":[100,100],"ix":3},"r":{"a":0,"k":0,"ix":6},"o":{"a":0,"k":100,"ix":7},"sk":{"a":0,"k":0,"ix":4},"sa":{"a":0,"k":0,"ix":5},"nm":"Transform"}],"nm":"Group 1","np":2,"cix":2,"bm":0,"ix":1,"mn":"ADBE Vector Group","hd":false},{"ty":"gr","it":[{"ind":0,"ty":"sh","ix":1,"ks":{"a":0,"k":{"i":[[0,0],[0,0],[0,0],[0,0]],"o":[[0,0],[0,0],[0,0],[0,0]],"v":[[-189.025,-183.308],[189.025,-264.686],[189.025,187.445],[-189.025,264.686]],"c":true},"ix":2},"nm":"Path 1","mn":"ADBE Vector Shape - Group","hd":false},{"ty":"fl","c":{"a":0,"k":[0.611999990426,0.027000000898,0,1],"ix":4},"o":{"a":0,"k":100,"ix":5},"r":1,"bm":0,"nm":"Fill 1","mn":"ADBE Vector Graphic - Fill","hd":false},{"ty":"tr","p":{"a":0,"k":[576.083,344.06],"ix":2},"a":{"a":0,"k":[0,0],"ix":1},"s":{"a":0,"k":[100,100],"ix":3},"r":{"a":0,"k":0,"ix":6},"o":{"a":0,"k":100,"ix":7},"sk":{"a":0,"k":0,"ix":4},"sa":{"a":0,"k":0,"ix":5},"nm":"Transform"}],"nm":"Group 2","np":2,"cix":2,"bm":0,"ix":2,"mn":"ADBE Vector Group","hd":false},{"ty":"gr","it":[{"ind":0,"ty":"sh","ix":1,"ks":{"a":0,"k":{"i":[[0,0],[0,0],[0,0],[0,0]],"o":[[0,0],[0,0],[0,0],[0,0]],"v":[[193.404,183.308],[-193.404,264.686],[-193.404,-187.446],[193.404,-264.686]],"c":true},"ix":2},"nm":"Path 1","mn":"ADBE Vector Shape - Group","hd":false},{"ty":"fl","c":{"a":0,"k":[0.936999990426,0.426999978458,0,1],"ix":4},"o":{"a":0,"k":100,"ix":5},"r":1,"bm":0,"nm":"Fill 1","mn":"ADBE Vector Graphic - Fill","hd":false},{"ty":"tr","p":{"a":0,"k":[193.654,264.936],"ix":2},"a":{"a":0,"k":[0,0],"ix":1},"s":{"a":0,"k":[100,100],"ix":3},"r":{"a":0,"k":0,"ix":6},"o":{"a":0,"k":100,"ix":7},"sk":{"a":0,"k":0,"ix":4},"sa":{"a":0,"k":0,"ix":5},"nm":"Transform"}],"nm":"Group 3","np":2,"cix":2,"bm":0,"ix":3,"mn":"ADBE Vector Group","hd":false},{"ty":"gr","it":[{"ind":0,"ty":"sh","ix":1,"ks":{"a":0,"k":{"i":[[0,0],[0,0],[0,0],[0,0]],"o":[[0,0],[0,0],[0,0],[0,0]],"v":[[-189.025,183.308],[189.025,264.686],[189.025,-187.446],[-189.025,-264.686]],"c":true},"ix":2},"nm":"Path 1","mn":"ADBE Vector Shape - Group","hd":false},{"ty":"fl","c":{"a":0,"k":[0.885999971278,0.286000001197,0,1],"ix":4},"o":{"a":0,"k":100,"ix":5},"r":1,"bm":0,"nm":"Fill 1","mn":"ADBE Vector Graphic - Fill","hd":false},{"ty":"tr","p":{"a":0,"k":[576.083,264.936],"ix":2},"a":{"a":0,"k":[0,0],"ix":1},"s":{"a":0,"k":[100,100],"ix":3},"r":{"a":0,"k":0,"ix":6},"o":{"a":0,"k":100,"ix":7},"sk":{"a":0,"k":0,"ix":4},"sa":{"a":0,"k":0,"ix":5},"nm":"Transform"}],"nm":"Group 4","np":2,"cix":2,"bm":0,"ix":4,"mn":"ADBE Vector Group","hd":false}],"ip":0,"op":421,"st":0,"bm":0},{"ddd":0,"ind":5,"ty":0,"nm":"Render-Ok","refId":"comp_0","sr":1,"ks":{"o":{"a":0,"k":100,"ix":11},"r":{"a":0,"k":0,"ix":10},"p":{"a":0,"k":[540,370,0],"ix":2},"a":{"a":0,"k":[540,960,0],"ix":1},"s":{"a":0,"k":[-95.37,100,100],"ix":6}},"ao":0,"w":1080,"h":1920,"ip":73,"op":373,"st":73,"bm":0},{"ddd":0,"ind":6,"ty":0,"nm":"Render-Ok","refId":"comp_0","sr":1,"ks":{"o":{"a":0,"k":100,"ix":11},"r":{"a":0,"k":0,"ix":10},"p":{"a":0,"k":[540,1305,0],"ix":2},"a":{"a":0,"k":[540,960,0],"ix":1},"s":{"a":0,"k":[100,100,100],"ix":6}},"ao":0,"w":1080,"h":1920,"ip":54,"op":354,"st":54,"bm":0}],"markers":[]}